frame,t_rel,algorithm,controller,armed,detected,inferred,confidence,lane_center,left_x,right_x,error_px,smoothed_error_px,steer,command,p_term,i_term,d_term,left_duty,right_duty,latency_ms,loop_ms,fps,t_grayscale,t_blur,t_threshold,t_canny,t_roi,t_detect,t_control,t_render
1,0.7553,histogram,pid,0,1,0,0.0278,156.1686,4.7401,307.5971,-3.8314,-1.1494,-0.0958,STOP,-0.0958,-0.0,0.0,0.0,0.0,64.2902,0.0,0.0,0.6472,21.1084,1.5689,5.9939,0.1527,7.4383,0.3042,683.7846
2,0.772,histogram,pid,0,1,0,0.025,155.999,4.3941,307.604,-4.001,-2.0049,-0.1189,STOP,-0.1,-0.0188,-0.0001,0.0,0.0,27.622,745.3339,1.3417,0.4217,1.0493,0.5687,1.7438,0.071,4.0482,0.219,0.0
3,0.7874,histogram,pid,0,1,0,0.025,155.999,4.3941,307.604,-4.001,-2.6037,-0.1195,STOP,-0.1,-0.0194,-0.0001,0.0,0.0,42.9795,17.077,58.5582,0.4774,0.6441,0.5308,1.0374,0.0518,3.6283,0.1423,0.0
4,0.8447,histogram,pid,0,1,0,0.0278,156.0171,4.4377,307.5966,-3.9829,-3.0174,-0.1191,STOP,-0.0996,-0.02,0.0004,0.0,0.0,27.4615,14.2801,70.0273,0.5214,0.7545,0.4138,1.5409,0.0945,3.9361,0.1731,32.6748
5,0.8594,histogram,pid,0,1,0,0.0264,156.2095,4.8219,307.5971,-3.7905,-3.2494,-0.1152,STOP,-0.0948,-0.022,0.0015,0.0,0.0,21.0938,57.6188,17.3554,0.443,0.6843,0.4377,0.9488,0.0552,3.8303,0.1993,0.0
6,0.8759,histogram,pid,0,1,0,0.0264,156.2095,4.8219,307.5971,-3.7905,-3.4117,-0.1162,STOP,-0.0948,-0.0225,0.0011,0.0,0.0,37.5887,15.0418,66.4814,0.6549,1.1288,0.3915,1.9495,0.0626,3.7657,0.1427,0.0
7,0.9318,histogram,pid,0,1,0,0.0194,156.0118,4.4196,307.604,-3.9882,-3.5846,-0.1268,STOP,-0.0997,-0.0231,-0.0039,0.0,0.0,23.1643,15.8702,63.0111,0.4233,1.0007,0.3929,1.2008,0.0506,3.7076,0.1987,32.8349
8,0.9503,histogram,pid,0,1,0,0.0292,156.0587,4.4959,307.6216,-3.9413,-3.6916,-0.1262,STOP,-0.0985,-0.0252,-0.0024,0.0,0.0,50.8475,56.338,17.75,0.4377,1.0078,0.391,1.2905,0.0501,3.6921,3.4177,0.0
9,0.9885,histogram,pid,0,1,0,0.0361,156.4026,5.2087,307.5966,-3.5974,-3.6633,-0.1131,STOP,-0.0899,-0.0262,0.003,0.0,0.0,51.9061,27.5589,36.286,6.8427,1.7162,0.5437,5.8017,0.0723,5.559,0.2331,0.0
10,1.0825,histogram,pid,0,1,0,0.0361,156.3212,5.0633,307.5791,-3.6788,-3.668,-0.1183,STOP,-0.092,-0.0278,0.0014,0.0,0.0,67.5447,46.8126,21.3618,4.3349,1.3797,0.5698,5.666,0.0535,8.3233,0.1497,37.5117
11,1.1005,histogram,pid,0,1,0,0.0264,156.068,4.5388,307.5971,-3.932,-3.7472,-0.1291,STOP,-0.0983,-0.0306,-0.0002,0.0,0.0,44.533,76.1099,13.1389,0.4492,1.0781,0.708,1.4207,0.0543,5.968,0.276,0.0
12,1.1251,histogram,pid,0,1,0,0.0319,156.1308,4.6824,307.5791,-3.8692,-3.7838,-0.127,STOP,-0.0967,-0.0313,0.001,0.0,0.0,26.8054,19.898,50.2564,0.5253,1.2773,0.7202,4.3151,0.0853,7.0859,0.4188,0.0
13,1.2028,histogram,pid,0,1,0,0.0319,156.1308,4.6824,307.5791,-3.8692,-3.8094,-0.1282,STOP,-0.0967,-0.0322,0.0007,0.0,0.0,57.2515,25.7359,38.8563,0.5434,4.6274,0.5909,3.528,0.1289,8.9841,0.2273,40.7813
14,1.2192,histogram,pid,0,1,0,0.0319,156.0404,4.5017,307.5791,-3.9596,-3.8545,-0.134,STOP,-0.099,-0.035,0.0,0.0,0.0,35.1897,75.1258,13.311,0.4499,1.6299,0.6274,1.496,0.0381,3.6043,0.1474,0.0
15,1.2341,histogram,pid,0,1,0,0.0347,156.4072,5.2178,307.5966,-3.5928,-3.776,-0.1167,STOP,-0.0898,-0.0355,0.0087,0.0,0.0,19.388,15.8627,63.0411,0.4423,1.0108,0.3886,1.2941,0.0505,3.5927,0.2213,0.0
16,1.2866,histogram,pid,0,1,0,0.0347,156.4072,5.2178,307.5966,-3.5928,-3.721,-0.1198,STOP,-0.0898,-0.036,0.0061,0.0,0.0,35.6209,14.8103,67.5207,0.6063,2.1834,0.4405,1.3395,0.0482,3.6645,0.1518,33.8216
17,1.3012,histogram,pid,0,1,0,0.0222,155.8572,4.0998,307.6147,-4.1428,-3.8476,-0.1413,STOP,-0.1036,-0.0381,0.0003,0.0,0.0,23.7066,52.499,19.048,0.4438,0.6571,0.3933,1.1199,0.0532,4.0228,0.1449,0.0
18,1.3163,histogram,pid,0,1,0,0.0222,155.8572,4.0998,307.6147,-4.1428,-3.9361,-0.142,STOP,-0.1036,-0.0387,0.0002,0.0,0.0,38.7226,15.0717,66.3496,0.4305,1.0384,0.3966,1.0866,0.0519,3.6453,0.1399,0.0
19,1.3831,histogram,pid,0,1,0,0.0208,155.8933,4.2145,307.5722,-4.1067,-3.9873,-0.1408,STOP,-0.1027,-0.0392,0.0011,0.0,0.0,26.1451,14.6735,68.1499,0.4404,1.0411,0.5051,1.5064,0.0848,5.4951,0.2277,35.2657
20,1.4128,histogram,pid,0,1,0,0.0333,156.1486,4.6931,307.604,-3.8514,-3.9465,-0.1358,STOP,-0.0963,-0.0417,0.0022,0.0,0.0,30.0419,67.1989,14.8812,0.4948,5.8242,0.7713,6.229,0.0795,7.3729,0.2493,0.0
21,1.4394,histogram,pid,0,1,0,0.0333,156.1486,4.6931,307.604,-3.8514,-3.918,-0.1377,STOP,-0.0963,-0.043,0.0015,0.0,0.0,56.7412,36.0434,27.7443,0.4969,1.2584,0.4664,2.9273,0.056,6.6175,0.143,0.0
22,1.5093,histogram,pid,0,1,0,0.0264,156.1123,4.6349,307.5898,-3.8877,-3.9089,-0.1405,STOP,-0.0972,-0.0437,0.0004,0.0,0.0,36.6856,20.1565,49.6117,0.4351,1.0897,0.4372,1.5886,0.0514,4.077,0.1629,45.1388
23,1.526,histogram,pid,0,1,0,0.0278,156.0802,4.5385,307.622,-3.9198,-3.9122,-0.1442,STOP,-0.098,-0.0463,0.0001,0.0,0.0,17.3494,70.0165,14.2824,0.4371,1.5371,0.4741,1.1991,0.0531,4.4522,0.2373,0.0
24,1.5418,histogram,pid,0,1,0,0.0278,156.0802,4.5385,307.622,-3.9198,-3.9144,-0.1448,STOP,-0.098,-0.0469,0.0001,0.0,0.0,33.1551,17.1206,58.4093,0.469,1.0422,0.4,1.1262,0.0554,3.8566,0.1426,0.0
25,1.6055,histogram,pid,0,1,0,0.0333,156.2603,4.924,307.5966,-3.7397,-3.862,-0.1364,STOP,-0.0935,-0.0474,0.0045,0.0,0.0,28.0523,15.1872,65.8448,0.4986,1.1179,0.4358,1.2747,0.0548,4.1912,0.1576,41.2414
26,1.6214,histogram,pid,0,1,0,0.0375,156.1317,4.6663,307.5971,-3.8683,-3.8639,-0.1441,STOP,-0.0967,-0.0497,0.0024,0.0,0.0,30.3546,63.5548,15.7344,0.4635,1.0899,0.4201,1.0362,0.0522,4.7517,0.1464,0.0
27,1.6363,histogram,pid,0,1,0,0.0375,156.1317,4.6663,307.5971,-3.8683,-3.8652,-0.1454,STOP,-0.0967,-0.0503,0.0017,0.0,0.0,45.2361,16.0545,62.288,0.4428,1.0615,0.4067,1.0138,0.0539,3.6592,0.1438,0.0
28,1.6984,histogram,pid,0,1,0,0.0306,156.0907,4.5917,307.5898,-3.9093,-3.8784,-0.1485,STOP,-0.0977,-0.0509,0.0001,0.0,0.0,27.5076,14.5991,68.4973,0.4684,1.0662,0.4358,1.1163,0.0531,4.1317,0.1549,37.2821
29,1.7135,histogram,pid,0,1,0,0.0319,156.2121,4.8276,307.5966,-3.7879,-3.8513,-0.147,STOP,-0.0947,-0.0531,0.0008,0.0,0.0,21.1467,62.237,16.0676,0.4423,1.023,0.4211,1.1974,0.0597,3.7804,0.1703,0.0
30,1.7286,histogram,pid,0,1,0,0.0319,156.2121,4.8276,307.5966,-3.7879,-3.8323,-0.1477,STOP,-0.0947,-0.0536,0.0006,0.0,0.0,36.2855,15.1991,65.7932,0.4405,1.1189,0.4167,1.2627,0.05,3.6551,0.1413,0.0
31,1.7943,histogram,pid,0,1,0,0.0319,156.1943,4.7842,307.6045,-3.8057,-3.8243,-0.1493,STOP,-0.0951,-0.0541,-0.0,0.0,0.0,22.2968,14.8484,67.3471,0.4388,1.0789,0.4805,1.5936,0.0639,3.9578,0.1509,44.3487
32,1.8116,histogram,pid,0,1,0,0.025,155.9097,4.2404,307.5791,-4.0903,-3.9041,-0.1606,STOP,-0.1023,-0.0567,-0.0016,0.0,0.0,22.8042,66.568,15.0222,0.4586,1.3562,0.4819,1.4471,0.0528,4.6452,0.148,0.0
33,1.8274,histogram,pid,0,1,0,0.025,155.9097,4.2404,307.5791,-4.0903,-3.9599,-0.1607,STOP,-0.1023,-0.0573,-0.0011,0.0,0.0,38.6628,17.118,58.418,0.4453,1.0261,0.3924,1.7004,0.0533,3.6189,0.1421,0.0
34,1.8889,histogram,pid,0,1,0,0.0278,156.0073,4.3931,307.6216,-3.9927,-3.9698,-0.1561,STOP,-0.0998,-0.0579,0.0016,0.0,0.0,28.6985,15.2703,65.4866,0.4402,1.0116,0.4053,1.4113,0.0513,4.4241,0.144,39.0256
35,1.9066,histogram,pid,0,1,0,0.0319,156.2727,4.9308,307.6147,-3.7273,-3.897,-0.1505,STOP,-0.0932,-0.0601,0.0027,0.0,0.0,29.4309,61.5164,16.2558,0.4441,1.0599,0.4057,2.7521,0.0679,4.8069,0.1781,0.0
36,1.9234,histogram,pid,0,1,0,0.0319,156.2727,4.9308,307.6147,-3.7273,-3.8461,-0.152,STOP,-0.0932,-0.0607,0.0019,0.0,0.0,46.2497,18.7833,53.2389,0.4332,1.055,0.4212,1.439,0.0562,4.1826,0.1622,0.0
37,1.9907,histogram,pid,0,1,0,0.0292,156.027,4.4394,307.6147,-3.973,-3.8842,-0.1651,STOP,-0.0993,-0.0613,-0.0044,0.0,0.0,29.7929,15.9259,62.791,0.4346,1.054,0.4311,2.4295,0.0476,4.6104,0.1418,43.0107
38,2.0064,histogram,pid,0,1,0,0.0347,156.2456,4.8872,307.604,-3.7544,-3.8452,-0.1594,STOP,-0.0939,-0.0637,-0.0019,0.0,0.0,32.1671,67.2775,14.8638,0.427,1.0726,0.392,1.7768,0.0533,3.716,0.1431,0.0
39,2.0221,histogram,pid,0,1,0,0.0292,156.054,4.4933,307.6147,-3.946,-3.8755,-0.1689,STOP,-0.0987,-0.0642,-0.006,0.0,0.0,24.1632,15.2598,65.5315,0.4835,1.0139,0.3979,1.9091,0.052,3.8781,0.2267,0.0
40,2.0843,histogram,pid,0,1,0,0.0292,156.054,4.4933,307.6147,-3.946,-3.8966,-0.1677,STOP,-0.0987,-0.0648,-0.0042,0.0,0.0,39.3968,16.2224,61.6432,0.4385,1.1262,0.405,1.1045,0.0514,3.753,0.1444,40.2252
41,2.1008,histogram,pid,0,1,0,0.0361,156.3307,5.0643,307.5971,-3.6693,-3.8284,-0.1601,STOP,-0.0917,-0.067,-0.0013,0.0,0.0,38.0146,63.2529,15.8096,0.4311,1.0386,0.4018,1.2444,0.0494,3.8747,0.1556,0.0
42,2.1166,histogram,pid,0,1,0,0.0194,155.9524,4.3083,307.5966,-4.0476,-3.8942,-0.1789,STOP,-0.1012,-0.0676,-0.0101,0.0,0.0,23.643,15.4556,64.7014,0.4503,1.0866,0.411,1.4073,0.0503,3.9603,0.1543,0.0
43,2.1857,histogram,pid,0,1,0,0.0194,155.9524,4.3083,307.5966,-4.0476,-3.9402,-0.1765,STOP,-0.1012,-0.0682,-0.0071,0.0,0.0,41.4882,16.6306,60.1302,0.5031,1.4856,0.594,1.349,0.0592,4.5327,0.1834,45.0857
44,2.2018,histogram,pid,0,1,0,0.0236,155.9886,4.3731,307.604,-4.0114,-3.9616,-0.1759,STOP,-0.1003,-0.0708,-0.0048,0.0,0.0,39.2477,68.5604,14.5857,0.4287,1.0212,0.4272,1.4369,0.0507,3.905,0.1461,0.0
45,2.2167,histogram,pid,0,1,0,0.0194,155.833,4.0513,307.6147,-4.167,-4.0232,-0.1827,STOP,-0.1042,-0.0714,-0.0071,0.0,0.0,23.7962,15.4278,64.818,0.4309,1.0968,0.432,1.2291,0.0458,3.7297,0.1444,0.0
46,2.28,histogram,pid,0,1,0,0.0194,155.833,4.0513,307.6147,-4.167,-4.0663,-0.1812,STOP,-0.1042,-0.072,-0.005,0.0,0.0,39.7515,16.0163,62.4365,0.5006,1.0447,0.4184,1.2006,0.0475,3.7147,0.1377,38.987
47,2.2951,histogram,pid,0,1,0,0.0264,156.2062,4.7977,307.6147,-3.7938,-3.9846,-0.1703,STOP,-0.0948,-0.0743,-0.0012,0.0,0.0,46.4878,62.28,16.0565,0.4293,1.0734,0.3982,1.4679,0.0461,3.6688,0.1541,0.0
48,2.3102,histogram,pid,0,1,0,0.0306,156.158,4.7188,307.5971,-3.842,-3.9418,-0.1729,STOP,-0.0961,-0.0748,-0.0021,0.0,0.0,20.2867,14.9392,66.9381,0.4472,1.058,0.4089,1.2614,0.1321,3.7978,0.1754,0.0
49,2.3833,histogram,pid,0,1,0,0.0306,156.158,4.7188,307.5971,-3.842,-3.9119,-0.1729,STOP,-0.0961,-0.0754,-0.0015,0.0,0.0,39.2118,15.774,63.3954,1.2982,3.3649,0.4385,1.324,0.0531,3.8267,0.1659,46.762
50,2.4001,histogram,pid,0,1,0,0.025,155.9601,4.3479,307.5722,-4.0399,-3.9503,-0.1812,STOP,-0.101,-0.0781,-0.002,0.0,0.0,54.4856,73.1494,13.6707,0.4417,1.111,0.4322,1.4562,0.0735,4.5153,0.1685,0.0
51,2.4167,histogram,pid,0,1,0,0.025,156.052,4.4894,307.6147,-3.948,-3.9496,-0.1768,STOP,-0.0987,-0.0788,0.0007,0.0,0.0,30.8131,16.5687,60.3549,0.6227,1.582,0.4494,1.3114,0.0585,4.1504,0.1492,0.0
52,2.4881,histogram,pid,0,1,0,0.0319,156.0926,4.5881,307.5971,-3.9074,-3.9369,-0.1756,STOP,-0.0977,-0.0793,0.0014,0.0,0.0,23.351,16.2562,61.515,0.426,1.5163,0.4293,1.2317,0.0474,4.1524,0.1454,48.2988
53,2.5054,histogram,pid,0,1,0,0.0278,155.9865,4.3882,307.5847,-4.0135,-3.9599,-0.182,STOP,-0.1003,-0.0821,0.0004,0.0,0.0,25.7475,71.8857,13.911,0.4568,1.1127,0.4892,1.7388,0.0479,4.8727,0.1466,0.0
54,2.5241,histogram,pid,0,1,0,0.0278,155.9865,4.3882,307.5847,-4.0135,-3.976,-0.1828,STOP,-0.1003,-0.0828,0.0003,0.0,0.0,44.4598,19.2781,51.8724,0.4495,1.0205,0.392,2.0256,0.0632,4.153,0.1968,0.0
55,2.5915,histogram,pid,0,1,0,0.0375,156.5463,5.4885,307.604,-3.4537,-3.8193,-0.1569,STOP,-0.0863,-0.0833,0.0128,0.0,0.0,28.7261,16.675,59.9701,0.4309,1.0,0.4376,1.3243,0.0677,3.7271,0.1501,44.1643
56,2.6078,histogram,pid,0,1,0,0.0292,156.2236,4.8358,307.6114,-3.7764,-3.8064,-0.173,STOP,-0.0944,-0.0857,0.0072,0.0,0.0,42.1577,67.7313,14.7642,0.4365,1.0466,0.5277,1.3512,0.0666,3.9238,0.1478,0.0
57,2.6241,histogram,pid,0,1,0,0.0153,155.7588,3.9205,307.5971,-4.2412,-3.9369,-0.1984,STOP,-0.106,-0.0863,-0.006,0.0,0.0,27.135,15.7947,63.3126,0.4361,2.0157,0.4495,1.2175,0.0579,3.709,0.149,0.0
58,2.6923,histogram,pid,0,1,0,0.0153,155.7588,3.9205,307.5971,-4.2412,-4.0282,-0.1972,STOP,-0.106,-0.087,-0.0042,0.0,0.0,42.2077,16.3305,61.235,0.4521,0.6807,0.4247,1.3453,0.0516,3.7491,0.153,45.0774
59,2.7072,histogram,pid,0,1,0,0.0278,156.0469,4.4967,307.5971,-3.9531,-4.0056,-0.1897,STOP,-0.0988,-0.0895,-0.0014,0.0,0.0,16.6783,67.9621,14.7141,0.4382,1.0139,0.4284,1.2713,0.0488,3.6065,0.1499,0.0
60,2.7236,histogram,pid,0,1,0,0.0278,156.0469,4.4967,307.5971,-3.9531,-3.9899,-0.1899,STOP,-0.0988,-0.0901,-0.001,0.0,0.0,33.0252,15.11,66.1814,0.4407,1.0604,0.4227,1.3304,0.0621,4.6808,0.1793,0.0
61,2.7936,histogram,pid,0,1,0,0.0278,156.0469,4.4967,307.5971,-3.9531,-3.9788,-0.1902,STOP,-0.0988,-0.0907,-0.0007,0.0,0.0,48.1408,16.3641,61.1095,0.4398,1.0074,0.3947,1.2618,0.0492,3.6582,0.1419,48.8996
62,2.8088,histogram,pid,0,1,0,0.0319,156.268,4.9214,307.6147,-3.732,-3.9048,-0.1857,STOP,-0.0933,-0.0931,0.0007,0.0,0.0,18.958,69.7874,14.3292,0.4454,1.0442,0.3866,1.1196,0.0577,4.0065,0.1421,0.0
63,2.8234,histogram,pid,0,1,0,0.0319,156.268,4.9214,307.6147,-3.732,-3.8529,-0.1864,STOP,-0.0933,-0.0937,0.0005,0.0,0.0,33.6278,15.1912,65.8277,0.4331,1.0529,0.3955,0.9972,0.0496,3.6563,0.1406,0.0
64,2.8917,histogram,pid,0,1,0,0.0333,156.1694,4.7173,307.6216,-3.8306,-3.8462,-0.1922,STOP,-0.0958,-0.0942,-0.0022,0.0,0.0,23.1694,14.273,70.0624,0.4185,1.0015,0.3849,1.0383,0.0505,3.5815,0.167,46.525
65,2.9067,histogram,pid,0,1,0,0.0306,156.1173,4.6375,307.5971,-3.8827,-3.8572,-0.1956,STOP,-0.0971,-0.0967,-0.0019,0.0,0.0,29.4019,68.4084,14.6181,0.4374,1.048,0.4252,1.2268,0.0623,3.8916,0.1719,0.0
66,2.922,histogram,pid,0,1,0,0.0306,156.1173,4.6375,307.5971,-3.8827,-3.8648,-0.1956,STOP,-0.0971,-0.0972,-0.0013,0.0,0.0,44.7172,15.6574,63.8678,0.446,1.0444,0.4063,1.2509,0.0515,3.563,0.2062,0.0
67,2.9967,histogram,pid,0,1,0,0.025,156.0475,4.4804,307.6147,-3.9525,-3.8911,-0.1992,STOP,-0.0988,-0.0978,-0.0027,0.0,0.0,27.882,15.0149,66.6004,0.475,1.0227,0.4218,1.3246,0.0587,4.3942,0.2705,52.6887
68,3.0144,histogram,pid,0,1,0,0.0375,156.1966,4.7786,307.6147,-3.8034,-3.8648,-0.1967,STOP,-0.0951,-0.1005,-0.0011,0.0,0.0,28.5338,75.0649,13.3218,0.5304,1.1755,0.4661,1.3623,0.0619,5.458,0.169,0.0
69,3.032,histogram,pid,0,1,0,0.0375,156.1966,4.7786,307.6147,-3.8034,-3.8464,-0.197,STOP,-0.0951,-0.1011,-0.0008,0.0,0.0,46.1188,18.0804,55.3085,0.4353,1.0654,0.4441,1.9952,0.1188,4.4524,0.2123,0.0
70,3.1074,histogram,pid,0,1,0,0.0361,156.3676,5.1206,307.6147,-3.6324,-3.7822,-0.1893,STOP,-0.0908,-0.1017,0.0032,0.0,0.0,32.7035,17.2049,58.123,0.6098,2.3768,0.4369,1.7736,0.0811,4.0201,0.2077,49.9231
71,3.122,histogram,pid,0,1,0,0.0333,156.1952,4.7791,307.6114,-3.8048,-3.7889,-0.1981,STOP,-0.0951,-0.1044,0.0014,0.0,0.0,22.9466,74.6503,13.3958,0.4227,0.9987,0.3932,1.1537,0.1107,3.6287,0.2,0.0
72,3.138,histogram,pid,0,1,0,0.0333,156.1952,4.7791,307.6114,-3.8048,-3.7937,-0.199,STOP,-0.0951,-0.1049,0.001,0.0,0.0,38.9481,14.939,66.9388,0.8109,1.5113,0.664,0.9283,0.0532,3.7349,0.2009,0.0
73,3.2129,histogram,pid,0,1,0,0.0319,156.3303,5.046,307.6147,-3.6697,-3.7565,-0.1933,STOP,-0.0917,-0.1054,0.0039,0.0,0.0,21.2404,15.7838,63.356,0.5073,1.11,0.4906,1.191,0.0505,3.9477,0.1486,53.5466
74,3.2306,histogram,pid,0,1,0,0.0292,156.1471,4.6971,307.5971,-3.8529,-3.7854,-0.2027,STOP,-0.0963,-0.1081,0.0018,0.0,0.0,32.8695,75.138,13.3089,0.4511,1.0736,0.4338,1.505,0.0393,6.0242,0.1501,0.0
75,3.2476,histogram,pid,0,1,0,0.0292,156.1471,4.6971,307.5971,-3.8529,-3.8056,-0.2039,STOP,-0.0963,-0.1088,0.0013,0.0,0.0,49.8193,18.1504,55.0952,0.4413,1.0631,0.428,1.3766,0.1477,4.6507,0.1629,0.0
76,3.3219,histogram,pid,0,1,0,0.025,156.0065,4.4158,307.5971,-3.9935,-3.862,-0.2115,STOP,-0.0998,-0.1094,-0.0022,0.0,0.0,31.3892,16.9388,59.0359,0.4302,0.6858,0.4112,1.273,0.0553,4.1583,0.1516,51.3182
77,3.3375,histogram,pid,0,1,0,0.0306,156.2027,4.8083,307.5971,-3.7973,-3.8426,-0.2076,STOP,-0.0949,-0.1121,-0.0006,0.0,0.0,45.8884,73.9898,13.5154,0.4999,1.0684,0.3979,1.62,0.0477,3.6666,0.1516,0.0
78,3.3543,histogram,pid,0,1,0,0.0278,156.0914,4.5788,307.604,-3.9086,-3.8624,-0.2134,STOP,-0.0977,-0.1126,-0.0031,0.0,0.0,30.5558,15.4532,64.7116,0.4762,1.186,0.7921,2.3648,0.0457,3.8015,0.1464,0.0
79,3.4347,histogram,pid,0,1,0,0.0278,156.0542,4.5114,307.5971,-3.9458,-3.8874,-0.2149,STOP,-0.0986,-0.1133,-0.003,0.0,0.0,19.3491,16.7659,59.645,0.4376,1.0762,0.4025,1.5142,0.0511,3.97,0.1539,58.9505
80,3.4526,histogram,pid,0,1,0,0.0306,156.4112,5.2201,307.6023,-3.5888,-3.7978,-0.2061,STOP,-0.0897,-0.116,-0.0004,0.0,0.0,39.5289,80.769,12.381,0.4362,1.2809,0.4407,1.1528,0.0647,5.9343,0.2139,0.0
81,3.4688,histogram,pid,0,1,0,0.0292,156.0587,4.5203,307.5971,-3.9413,-3.8409,-0.223,STOP,-0.0985,-0.1166,-0.0078,0.0,0.0,17.9396,17.5848,56.8674,0.4323,1.0262,0.484,1.5601,0.0514,4.401,0.1496,0.0
82,3.5436,histogram,pid,0,1,0,0.0292,156.0587,4.5203,307.5971,-3.9413,-3.871,-0.2212,STOP,-0.0985,-0.1172,-0.0055,0.0,0.0,33.2808,16.5687,60.3547,0.4347,1.0595,0.3939,1.0545,0.0504,3.8054,0.1518,51.2162
83,3.5583,histogram,pid,0,1,0,0.0319,156.356,5.1149,307.5971,-3.644,-3.8029,-0.2132,STOP,-0.0911,-0.1198,-0.0023,0.0,0.0,17.8657,74.296,13.4597,0.4385,1.0294,0.3913,1.131,0.0519,3.6838,0.152,0.0
84,3.5744,histogram,pid,0,1,0,0.0319,156.356,5.1149,307.5971,-3.644,-3.7552,-0.213,STOP,-0.0911,-0.1203,-0.0016,0.0,0.0,33.9392,14.8897,67.1605,0.8259,1.4428,0.6771,1.2465,0.0528,3.6811,0.1451,0.0
85,3.6526,histogram,pid,0,1,0,0.0319,156.2688,4.9405,307.5971,-3.7312,-3.748,-0.2173,STOP,-0.0933,-0.1208,-0.0032,0.0,0.0,21.5891,16.3019,61.3427,0.4289,1.0162,0.3995,1.247,0.0491,4.2786,0.1651,57.1865
86,3.6689,histogram,pid,0,1,0,0.0292,155.9795,4.3443,307.6147,-4.0205,-3.8298,-0.2279,STOP,-0.1005,-0.1238,-0.0036,0.0,0.0,29.4436,78.1358,12.7982,0.4424,1.1019,0.4562,1.0371,0.0631,4.7708,0.1674,0.0
87,3.6856,histogram,pid,0,1,0,0.0292,155.9795,4.3443,307.6147,-4.0205,-3.887,-0.2275,STOP,-0.1005,-0.1244,-0.0025,0.0,0.0,46.1571,17.4046,57.4561,0.4277,1.0308,0.4119,1.1912,0.05,4.0761,0.1826,0.0
88,3.7632,histogram,pid,0,1,0,0.0319,156.18,4.7629,307.5971,-3.82,-3.8669,-0.2174,STOP,-0.0955,-0.125,0.0031,0.0,0.0,28.0346,15.5467,64.3225,0.4858,1.0528,0.4057,1.219,0.0485,4.7902,0.1407,54.088
89,3.7784,histogram,pid,0,1,0,0.0167,155.7861,3.9875,307.5847,-4.2139,-3.971,-0.2332,STOP,-0.1053,-0.1281,0.0002,0.0,0.0,16.1536,77.1881,12.9554,0.442,1.6452,0.3852,1.2818,0.0484,3.5658,0.1465,0.0
90,3.7943,histogram,pid,0,1,0,0.0167,155.7861,3.9875,307.5847,-4.2139,-4.0439,-0.2338,STOP,-0.1053,-0.1287,0.0002,0.0,0.0,32.0782,15.3372,65.2008,0.4611,1.057,0.4143,1.1951,0.0552,4.6936,0.1504,0.0
91,3.875,histogram,pid,0,1,0,0.0167,155.7861,3.9875,307.5847,-4.2139,-4.0949,-0.2345,STOP,-0.1053,-0.1293,0.0001,0.0,0.0,47.1777,16.308,61.3197,0.446,1.0319,0.3942,1.0824,0.0545,3.7037,0.1404,59.6939
92,3.8909,histogram,pid,0,1,0,0.0264,156.0971,4.5829,307.6114,-3.9029,-4.0373,-0.2283,STOP,-0.0976,-0.1323,0.0015,0.0,0.0,20.406,80.5458,12.4153,0.6861,1.083,0.4322,1.251,0.0533,4.1692,0.1598,0.0
93,3.9064,histogram,pid,0,1,0,0.0319,156.1693,4.7415,307.5971,-3.8307,-3.9753,-0.2258,STOP,-0.0958,-0.1328,0.0028,0.0,0.0,22.7872,15.7294,63.5753,0.4505,1.0826,0.4214,1.1606,0.0561,4.0426,0.2041,0.0
94,3.9856,histogram,pid,0,1,0,0.0319,156.1693,4.7415,307.5971,-3.8307,-3.9319,-0.2272,STOP,-0.0958,-0.1334,0.002,0.0,0.0,38.2322,15.8268,63.184,0.4253,1.0977,0.4153,1.3168,0.0453,3.5724,0.1476,56.3743
95,4.0002,histogram,pid,0,1,0,0.0264,156.0738,4.5115,307.6361,-3.9262,-3.9302,-0.2335,STOP,-0.0982,-0.1363,0.0009,0.0,0.0,23.0846,78.6517,12.7143,0.4523,1.058,0.3955,1.0075,0.0567,3.7747,0.1461,0.0
96,4.0158,histogram,pid,0,1,0,0.0264,156.0738,4.5115,307.6361,-3.9262,-3.929,-0.2343,STOP,-0.0982,-0.1368,0.0006,0.0,0.0,38.6816,14.6776,68.1313,0.4467,1.0194,0.4184,1.1678,0.0649,4.5186,0.1438,0.0
97,4.1008,histogram,pid,0,1,0,0.0264,156.0738,4.5115,307.6361,-3.9262,-3.9282,-0.2351,STOP,-0.0982,-0.1374,0.0004,0.0,0.0,54.5551,16.2748,61.4446,0.425,0.999,0.3901,1.2548,0.0491,3.9741,0.2173,62.9157
98,4.1177,histogram,pid,0,1,0,0.0236,156.0028,4.4084,307.5971,-3.9972,-3.9489,-0.2405,STOP,-0.0999,-0.1406,-0.0,0.0,0.0,34.016,85.0717,11.7548,0.4527,1.0877,0.4372,2.3249,0.0478,3.8048,0.153,0.0
99,4.1357,histogram,pid,0,1,0,0.0236,155.8606,4.1167,307.6045,-4.1394,-4.0061,-0.248,STOP,-0.1035,-0.1412,-0.0033,0.0,0.0,31.0254,16.292,61.3797,0.5357,1.0432,0.4307,2.8701,0.0562,4.9757,0.1518,0.0
100,4.2164,histogram,pid,0,1,0,0.0236,155.8606,4.1167,307.6045,-4.1394,-4.0461,-0.2477,STOP,-0.1035,-0.142,-0.0023,0.0,0.0,46.611,18.3009,54.642,0.4623,1.02,0.3901,1.6992,0.0479,3.6642,0.1441,57.4566
101,4.2315,histogram,pid,0,1,0,0.0236,156.0945,4.5845,307.6045,-3.9055,-4.0039,-0.243,STOP,-0.0976,-0.1449,-0.0005,0.0,0.0,30.9846,80.1782,12.4722,0.4378,1.0158,0.3915,1.3441,0.0622,3.8698,0.1653,0.0
102,4.2466,histogram,pid,0,1,0,0.0236,156.0945,4.5845,307.6045,-3.9055,-3.9744,-0.2435,STOP,-0.0976,-0.1455,-0.0004,0.0,0.0,46.1647,15.5686,64.2319,0.4459,1.0103,0.3952,1.2274,0.054,3.6423,0.1587,0.0
103,4.3322,histogram,pid,0,1,0,0.0306,156.2079,4.831,307.5847,-3.7921,-3.9197,-0.2382,STOP,-0.0948,-0.146,0.0026,0.0,0.0,24.8648,15.0579,66.4102,0.4459,1.079,0.4005,1.2266,0.0504,4.5989,0.1415,63.6201
104,4.348,histogram,pid,0,1,0,0.0319,156.0992,4.5922,307.6062,-3.9008,-3.914,-0.2453,STOP,-0.0975,-0.1491,0.0013,0.0,0.0,16.041,85.4571,11.7018,0.463,1.0562,0.5025,1.3596,0.0707,4.1669,0.1654,0.0
105,4.3646,histogram,pid,0,1,0,0.0319,156.0992,4.5922,307.6062,-3.9008,-3.9101,-0.2463,STOP,-0.0975,-0.1497,0.0009,0.0,0.0,32.6057,15.8218,63.204,0.716,1.1291,0.5935,1.4245,0.055,4.46,0.1452,0.0
106,4.4471,histogram,pid,0,1,0,0.025,155.9631,4.3217,307.6045,-4.0369,-3.9481,-0.2537,STOP,-0.1009,-0.1503,-0.0025,0.0,0.0,16.6572,16.1466,61.9326,0.4969,1.081,0.4435,1.3237,0.0529,4.1413,0.1473,59.134
107,4.4623,histogram,pid,0,1,0,0.0333,156.4557,5.3069,307.6045,-3.5443,-3.827,-0.2412,STOP,-0.0886,-0.1531,0.0005,0.0,0.0,39.9365,83.1515,12.0262,0.4188,1.0022,0.3915,1.2832,0.0528,3.6542,0.1491,0.0
108,4.4779,histogram,pid,0,1,0,0.0306,156.3624,5.0988,307.626,-3.6376,-3.7702,-0.2466,STOP,-0.0909,-0.1536,-0.0021,0.0,0.0,24.4404,14.6016,68.4859,0.5563,1.0926,0.4482,1.3162,0.055,4.2416,0.1488,0.0
109,4.5647,histogram,pid,0,1,0,0.0306,156.3624,5.0988,307.626,-3.6376,-3.7304,-0.2465,STOP,-0.0909,-0.1541,-0.0015,0.0,0.0,40.2044,16.4689,60.7205,0.5436,1.1223,0.4127,1.2331,0.0509,3.7096,0.144,65.8646
110,4.5815,histogram,pid,0,1,0,0.0153,155.8664,4.1069,307.626,-4.1336,-3.8514,-0.264,STOP,-0.1033,-0.1575,-0.0032,0.0,0.0,32.0878,86.8638,11.5123,0.4558,1.4069,0.4328,1.1212,0.0568,4.5485,0.1527,0.0
111,4.5981,histogram,pid,0,1,0,0.0153,155.8664,4.1069,307.626,-4.1336,-3.936,-0.2637,STOP,-0.1033,-0.1581,-0.0022,0.0,0.0,48.7265,16.3187,61.2792,0.451,1.058,0.4209,2.0839,0.0487,4.2191,0.2206,0.0
112,4.6822,histogram,pid,0,1,0,0.0292,156.1524,4.7201,307.5847,-3.8476,-3.9095,-0.2501,STOP,-0.0962,-0.1587,0.0048,0.0,0.0,27.1311,16.9449,59.0149,0.4168,1.1104,0.3892,1.2114,0.0472,3.6716,0.1513,61.2408
113,4.6969,histogram,pid,0,1,0,0.0264,156.1445,4.7043,307.5847,-3.8555,-3.8933,-0.2548,STOP,-0.0964,-0.1618,0.0033,0.0,0.0,23.2071,83.372,11.9944,0.4778,1.0142,0.3981,0.9943,0.0521,3.901,0.1581,0.0
114,4.712,histogram,pid,0,1,0,0.0264,156.1445,4.7043,307.5847,-3.8555,-3.8819,-0.2564,STOP,-0.0964,-0.1623,0.0023,0.0,0.0,38.3522,15.1063,66.1977,0.4338,1.0638,0.4206,1.2635,0.0556,3.6628,0.1431,0.0
115,4.8059,histogram,pid,0,1,0,0.0264,155.9522,4.3072,307.5971,-4.0478,-3.9317,-0.2673,STOP,-0.1012,-0.1629,-0.0033,0.0,0.0,25.0297,14.7398,67.8436,0.4399,1.1742,0.4672,1.5362,0.0493,3.8841,0.1428,72.5912
116,4.8224,histogram,pid,0,1,0,0.0222,156.0238,4.438,307.6097,-3.9762,-3.9451,-0.2678,STOP,-0.0994,-0.1664,-0.002,0.0,0.0,23.7433,94.266,10.6083,0.4932,1.0412,0.4369,1.6176,0.0529,4.4617,0.1842,0.0
117,4.838,histogram,pid,0,1,0,0.0222,156.0238,4.438,307.6097,-3.9762,-3.9544,-0.2678,STOP,-0.0994,-0.167,-0.0014,0.0,0.0,39.4098,16.4792,60.6827,0.4142,1.1403,0.4374,1.8334,0.047,3.4804,0.2104,0.0
118,4.926,histogram,pid,0,1,0,0.0278,156.0823,4.5798,307.5847,-3.9177,-3.9434,-0.2652,STOP,-0.0979,-0.1676,0.0004,0.0,0.0,26.7287,16.3829,61.0392,0.4509,1.6326,0.5253,1.3307,0.0545,5.1865,0.1537,61.7703
119,4.9405,histogram,pid,0,1,0,0.0319,156.2237,4.8235,307.6238,-3.7763,-3.8933,-0.2642,STOP,-0.0944,-0.1707,0.0009,0.0,0.0,20.2035,86.7284,11.5302,0.4429,1.0554,0.3941,1.1255,0.0494,3.7294,0.1463,0.0
120,4.9564,histogram,pid,0,1,0,0.0319,156.2237,4.8235,307.6238,-3.7763,-3.8582,-0.265,STOP,-0.0944,-0.1712,0.0006,0.0,0.0,36.0957,14.861,67.2902,0.4426,1.0331,0.4634,1.276,0.0578,4.1474,0.1395,0.0
121,5.0477,histogram,pid,0,1,0,0.0319,156.2237,4.8235,307.6238,-3.7763,-3.8336,-0.2658,STOP,-0.0944,-0.1718,0.0004,0.0,0.0,51.7115,16.5466,60.4353,0.4298,1.0707,0.4037,1.1247,0.0575,3.7233,0.1849,69.0766
122,5.0632,histogram,pid,0,1,0,0.0278,156.2254,4.8372,307.6136,-3.7746,-3.8159,-0.269,STOP,-0.0944,-0.175,0.0003,0.0,0.0,18.0038,90.6254,11.0344,0.4368,1.0135,0.4063,1.3653,0.0517,4.1063,0.1555,0.0
123,5.0803,histogram,pid,0,1,0,0.0278,156.2254,4.8372,307.6136,-3.7746,-3.8035,-0.2697,STOP,-0.0944,-0.1755,0.0002,0.0,0.0,35.0433,15.6729,63.8043,0.4467,1.0737,0.4923,2.3297,0.0427,4.4103,0.1516,0.0
124,5.1692,histogram,pid,0,1,0,0.0278,156.2254,4.8372,307.6136,-3.7746,-3.7949,-0.2704,STOP,-0.0944,-0.1762,0.0001,0.0,0.0,52.8641,17.7314,56.3972,0.4643,1.3079,0.4255,2.328,0.0513,4.2704,0.2072,63.1244
125,5.1841,histogram,pid,0,1,0,0.0333,156.1111,4.6086,307.6136,-3.8889,-3.8231,-0.277,STOP,-0.0972,-0.1794,-0.0004,0.0,0.0,41.1107,88.2447,11.3321,0.4301,1.0635,0.399,1.095,0.0479,3.6393,0.1534,0.0
126,5.1993,histogram,pid,0,1,0,0.0306,156.324,5.0344,307.6136,-3.676,-3.779,-0.2665,STOP,-0.0919,-0.1799,0.0052,0.0,0.0,21.44,14.5006,68.9629,0.4449,1.0805,0.4509,1.2,0.0519,4.1093,0.1618,0.0
127,5.2907,histogram,pid,0,1,0,0.0306,156.324,5.0344,307.6136,-3.676,-3.7481,-0.2687,STOP,-0.0919,-0.1804,0.0037,0.0,0.0,37.348,16.2606,61.4985,0.547,1.1259,0.4565,1.029,0.0522,3.7353,0.1543,69.3531
128,5.3077,histogram,pid,0,1,0,0.0194,155.9548,4.2961,307.6136,-4.0452,-3.8372,-0.284,STOP,-0.1011,-0.1839,0.0011,0.0,0.0,34.3445,91.863,10.8858,0.4404,1.1434,0.4235,1.7815,0.0515,3.865,0.1558,0.0
129,5.3236,histogram,pid,0,1,0,0.0194,155.86,4.1064,307.6136,-4.14,-3.928,-0.2895,STOP,-0.1035,-0.1845,-0.0015,0.0,0.0,24.368,15.7408,63.5292,0.4333,1.0397,0.4228,1.9607,0.0453,3.9522,0.1519,0.0
130,5.411,histogram,pid,0,1,0,0.0194,155.86,4.1064,307.6136,-4.14,-3.9916,-0.2897,STOP,-0.1035,-0.1851,-0.0011,0.0,0.0,40.783,15.6168,64.0335,0.4291,1.0604,0.4136,1.7492,0.047,4.9449,0.1673,63.514
131,5.4272,histogram,pid,0,1,0,0.0208,155.9582,4.3029,307.6136,-4.0418,-4.0067,-0.2898,STOP,-0.101,-0.1885,-0.0003,0.0,0.0,34.2303,87.7017,11.4023,0.8343,1.8302,0.4346,1.2848,0.0584,3.7105,0.152,0.0
132,5.4429,histogram,pid,0,1,0,0.0236,155.9949,4.3763,307.6136,-4.0051,-4.0062,-0.2886,STOP,-0.1001,-0.1891,0.0006,0.0,0.0,22.1509,16.8871,59.2168,0.456,1.0211,0.4001,1.336,0.0516,3.6491,0.147,0.0
133,5.5383,histogram,pid,0,1,0,0.0236,155.9949,4.3763,307.6136,-4.0051,-4.0059,-0.2894,STOP,-0.1001,-0.1897,0.0004,0.0,0.0,38.9703,15.5549,64.2885,0.4232,0.9983,0.4038,1.7034,0.0593,4.5025,0.1784,72.8927
134,5.5565,histogram,pid,0,1,0,0.025,155.9859,4.343,307.6288,-4.0141,-4.0083,-0.2934,STOP,-0.1004,-0.1933,0.0003,0.0,0.0,35.2924,95.0148,10.5247,0.4586,1.68,0.7631,1.7127,0.0648,5.1006,0.152,0.0
135,5.5715,histogram,pid,0,1,0,0.0319,156.2255,4.7987,307.6524,-3.7745,-3.9382,-0.2831,STOP,-0.0944,-0.1939,0.0052,0.0,0.0,16.3881,17.8974,55.8739,0.4404,1.0115,0.4448,1.1543,0.0483,3.915,0.147,0.0
136,5.6613,histogram,pid,0,1,0,0.0319,156.2255,4.7987,307.6524,-3.7745,-3.8891,-0.2852,STOP,-0.0944,-0.1944,0.0036,0.0,0.0,31.8423,15.2944,65.3836,0.5785,1.0187,0.3926,1.223,0.0483,3.9433,0.1464,67.1049
137,5.678,histogram,pid,0,1,0,0.0236,155.9581,4.2984,307.6177,-4.0419,-3.9349,-0.2974,STOP,-0.101,-0.1978,0.0014,0.0,0.0,34.2719,89.4345,11.1814,0.4394,2.4417,0.6624,1.7061,0.0403,3.5219,0.2064,0.0
138,5.6926,histogram,pid,0,1,0,0.0208,156.0185,4.4451,307.592,-3.9815,-3.9489,-0.2956,STOP,-0.0995,-0.1984,0.0024,0.0,0.0,19.151,16.6827,59.9424,0.4973,1.0252,0.4084,1.1011,0.0536,3.6411,0.1486,0.0
139,5.7862,histogram,pid,0,1,0,0.0208,156.0185,4.4451,307.592,-3.9815,-3.9587,-0.2969,STOP,-0.0995,-0.199,0.0017,0.0,0.0,35.8182,14.933,66.9659,0.4745,1.323,0.7243,1.6741,0.0502,4.1838,0.145,71.7067
140,5.8054,histogram,pid,0,1,0,0.0167,155.8366,4.0834,307.5898,-4.1634,-4.0201,-0.3063,STOP,-0.1041,-0.2027,0.0004,0.0,0.0,35.2948,93.8124,10.6596,0.4601,1.8869,0.4508,2.6227,0.0635,5.2139,0.1651,0.0
141,5.8207,histogram,pid,0,1,0,0.0278,156.239,4.8633,307.6147,-3.761,-3.9424,-0.289,STOP,-0.094,-0.2033,0.0083,0.0,0.0,16.8656,18.7977,53.1979,0.4405,1.0842,0.4185,1.169,0.0578,4.0308,0.1958,0.0
142,5.9137,histogram,pid,0,1,0,0.0278,156.239,4.8633,307.6147,-3.761,-3.888,-0.2921,STOP,-0.094,-0.2039,0.0058,0.0,0.0,33.4643,15.9241,62.798,0.6659,1.0339,0.3964,0.9589,0.0497,4.8796,0.1581,68.8839
143,5.9296,histogram,pid,0,1,0,0.0292,156.1538,4.7105,307.5971,-3.8462,-3.8754,-0.2996,STOP,-0.0962,-0.2072,0.0037,0.0,0.0,34.132,92.3204,10.8318,0.4282,1.1327,0.4225,1.3078,0.0572,4.6066,0.1478,0.0
144,5.9455,histogram,pid,0,1,0,0.0292,156.1538,4.7105,307.5971,-3.8462,-3.8666,-0.3013,STOP,-0.0962,-0.2078,0.0026,0.0,0.0,49.9812,16.3318,61.2302,0.5001,1.0351,0.4025,1.8014,0.0717,3.6479,0.1409,0.0
145,6.0447,histogram,pid,0,1,0,0.0292,156.1747,4.7522,307.5971,-3.8253,-3.8542,-0.3017,STOP,-0.0956,-0.2084,0.0023,0.0,0.0,29.3089,15.8272,63.1824,0.4237,1.0663,0.4358,1.5938,0.0493,4.2734,0.2078,76.6846
146,6.0607,histogram,pid,0,1,0,0.0222,156.0489,4.5011,307.5966,-3.9511,-3.8833,-0.3097,STOP,-0.0988,-0.212,0.0012,0.0,0.0,33.881,99.2975,10.0707,0.6285,1.1317,0.443,1.2997,0.0565,4.0433,0.153,0.0
147,6.0759,histogram,pid,0,1,0,0.0194,156.0279,4.441,307.6147,-3.9721,-3.91,-0.3116,STOP,-0.0993,-0.2126,0.0003,0.0,0.0,21.4309,15.6192,64.0237,0.4764,1.0983,0.4089,1.1224,0.0566,4.0147,0.1433,0.0
148,6.1665,histogram,pid,0,1,0,0.0194,156.0279,4.441,307.6147,-3.9721,-3.9286,-0.3123,STOP,-0.0993,-0.2132,0.0002,0.0,0.0,36.2302,15.3376,65.1993,0.4434,0.8791,0.4051,0.9218,0.0525,3.9627,0.1449,68.2242
149,6.182,histogram,pid,0,1,0,0.0292,156.2067,4.7918,307.6216,-3.7933,-3.888,-0.3104,STOP,-0.0948,-0.2164,0.0009,0.0,0.0,34.1575,90.4664,11.0538,0.7568,1.2442,0.4121,1.2152,0.1153,3.5924,0.2048,0.0
150,6.1974,histogram,pid,0,1,0,0.0181,155.8966,4.1892,307.604,-4.1034,-3.9526,-0.3266,STOP,-0.1026,-0.217,-0.007,0.0,0.0,21.5904,15.299,65.3638,0.5084,1.0188,0.3966,1.8059,0.064,3.6623,0.1767,0.0
151,6.299,histogram,pid,0,1,0,0.0181,155.8966,4.1892,307.604,-4.1034,-3.9979,-0.3251,STOP,-0.1026,-0.2176,-0.0049,0.0,0.0,37.5598,15.9912,62.5343,0.4211,1.5584,0.4693,1.2733,0.047,3.7242,0.1766,79.1995
152,6.3154,histogram,pid,0,1,0,0.025,156.0713,4.521,307.6216,-3.9287,-3.9771,-0.3224,STOP,-0.0982,-0.2214,-0.0028,0.0,0.0,35.3965,101.9193,9.8117,0.4459,1.0197,0.4238,1.1484,0.053,4.5787,0.1518,0.0
153,6.3313,histogram,pid,0,1,0,0.0194,155.9762,4.3559,307.5966,-4.0238,-3.9911,-0.3268,STOP,-0.1006,-0.222,-0.0042,0.0,0.0,28.6969,15.461,64.679,0.4412,1.7299,0.4514,1.3641,0.0702,3.9279,0.1442,0.0
154,6.4235,histogram,pid,0,1,0,0.0194,155.9762,4.3559,307.5966,-4.0238,-4.0009,-0.3262,STOP,-0.1006,-0.2226,-0.003,0.0,0.0,43.7993,16.5501,60.4228,0.43,0.9988,0.3849,1.1342,0.0492,3.6117,0.1595,69.2539
155,6.4386,histogram,pid,0,1,0,0.0236,155.8813,4.166,307.5966,-4.1187,-4.0362,-0.3316,STOP,-0.103,-0.2261,-0.0025,0.0,0.0,44.5685,92.0335,10.8656,0.4388,1.015,0.4046,1.1928,0.0502,3.6785,0.1462,0.0
156,6.4541,histogram,pid,0,1,0,0.0236,156.0857,4.5498,307.6216,-3.9143,-3.9997,-0.321,STOP,-0.0979,-0.2267,0.0035,0.0,0.0,26.2136,14.5953,68.5154,0.4597,1.0584,0.4424,1.401,0.0818,3.9991,0.2393,0.0
157,6.5545,histogram,pid,0,1,0,0.0236,156.0857,4.5498,307.6216,-3.9143,-3.9741,-0.3227,STOP,-0.0979,-0.2273,0.0025,0.0,0.0,41.8233,16.0458,62.3218,0.4865,1.2169,0.4415,1.2963,0.0497,3.6797,0.1485,77.5018
158,6.5699,histogram,pid,0,1,0,0.0264,155.992,4.405,307.5791,-4.008,-3.9842,-0.3298,STOP,-0.1002,-0.231,0.0014,0.0,0.0,15.6633,100.1054,9.9895,0.4413,1.0569,0.4217,1.4534,0.0704,3.8644,0.1492,0.0
159,6.5855,histogram,pid,0,1,0,0.0264,155.992,4.405,307.5791,-4.008,-3.9913,-0.3308,STOP,-0.1002,-0.2316,0.001,0.0,0.0,31.2541,15.2332,65.6463,0.445,1.0886,0.4741,1.5754,0.068,4.0378,0.1669,0.0
160,6.6818,histogram,pid,0,1,0,0.0264,155.992,4.405,307.5791,-4.008,-3.9963,-0.3317,STOP,-0.1002,-0.2322,0.0007,0.0,0.0,46.7666,16.675,59.97,0.4379,1.0008,0.3818,1.1383,0.0501,3.595,0.1436,73.0636
161,6.6963,histogram,pid,0,1,0,0.0153,155.9113,4.1805,307.6422,-4.0887,-4.024,-0.3379,STOP,-0.1022,-0.2359,0.0002,0.0,0.0,15.3202,95.0203,10.5241,0.4384,1.117,0.3963,1.2551,0.0492,3.5531,0.1515,0.0
162,6.7123,histogram,pid,0,1,0,0.0153,155.9113,4.1805,307.6422,-4.0887,-4.0434,-0.3385,STOP,-0.1022,-0.2364,0.0001,0.0,0.0,31.399,14.812,67.5127,0.4536,1.097,0.4782,1.7072,0.05,4.281,0.1438,0.0
163,6.8138,histogram,pid,0,1,0,0.0153,155.9113,4.1805,307.6422,-4.0887,-4.057,-0.3392,STOP,-0.1022,-0.2371,0.0001,0.0,0.0,47.3042,16.6667,59.9998,0.6429,1.2455,0.4482,1.2466,0.0523,3.6399,0.1496,79.6124
164,6.8295,histogram,pid,0,1,0,0.025,155.6926,4.4025,306.9827,-4.3074,-4.1321,-0.3496,STOP,-0.1077,-0.2411,-0.0008,0.0,0.0,21.783,100.9089,9.9099,0.4884,1.028,0.4387,1.158,0.0504,4.3605,0.1575,0.0
165,6.8475,histogram,pid,0,1,0,0.025,155.6926,4.4025,306.9827,-4.3074,-4.1847,-0.35,STOP,-0.1077,-0.2418,-0.0005,0.0,0.0,39.8411,15.9556,62.6737,0.4137,3.8605,0.4541,1.0199,0.052,3.9052,0.1468,0.0
166,6.9473,histogram,pid,0,1,0,0.0125,155.4117,3.8408,306.9827,-4.5883,-4.3058,-0.3635,STOP,-0.1147,-0.2426,-0.0062,0.0,0.0,23.5205,18.0318,55.4577,0.437,1.0468,0.4268,2.8791,0.0471,3.8474,0.2013,75.1283
167,6.9633,histogram,pid,0,1,0,0.0167,155.459,3.9353,306.9827,-4.541,-4.3763,-0.3645,STOP,-0.1135,-0.2468,-0.0042,0.0,0.0,35.4043,99.4647,10.0538,0.4311,1.0964,0.4158,1.6896,0.0483,4.3445,0.1427,0.0
168,6.9784,histogram,pid,0,1,0,0.0167,155.459,3.9353,306.9827,-4.541,-4.4258,-0.3639,STOP,-0.1135,-0.2475,-0.0029,0.0,0.0,50.4906,16.1185,62.0404,0.4768,1.0664,0.4035,1.3432,0.0505,3.6366,0.1536,0.0
169,7.0825,histogram,pid,0,1,0,0.0319,155.9461,4.8831,307.0092,-4.0539,-4.3142,-0.3395,STOP,-0.1013,-0.2481,0.0099,0.0,0.0,29.3755,15.2838,65.4288,0.4508,1.1048,0.4043,1.2854,0.0565,4.705,0.1568,81.6747
170,7.0982,histogram,pid,0,1,0,0.0125,155.5282,4.0496,307.0068,-4.4718,-4.3615,-0.3588,STOP,-0.1118,-0.2524,0.0054,0.0,0.0,34.7142,104.553,9.5645,0.4282,1.1033,0.4704,1.3216,0.054,3.557,0.145,0.0
171,7.1137,histogram,pid,0,1,0,0.0306,156.0039,5.0011,307.0068,-3.9961,-4.2518,-0.3373,STOP,-0.0999,-0.253,0.0156,0.0,0.0,25.9715,15.0682,66.3647,0.4488,1.0478,0.4599,1.4706,0.0571,3.8273,0.1553,0.0
172,7.2107,histogram,pid,0,1,0,0.0306,156.0039,5.0011,307.0068,-3.9961,-4.1751,-0.3426,STOP,-0.0999,-0.2536,0.011,0.0,0.0,41.3553,15.9994,62.5022,0.4644,1.0619,0.407,1.2306,0.0476,3.5378,0.1469,73.6056
173,7.2255,histogram,pid,0,1,0,0.0222,156.1019,4.6071,307.5966,-3.8981,-4.092,-0.3465,STOP,-0.0975,-0.2571,0.008,0.0,0.0,46.5495,96.4473,10.3684,0.4256,0.9918,0.3879,1.0923,0.0502,3.7758,0.1489,0.0
174,7.2407,histogram,pid,0,1,0,0.0181,155.6371,4.2916,306.9827,-4.3629,-4.1733,-0.3731,STOP,-0.1091,-0.2577,-0.0063,0.0,0.0,18.8483,14.6003,68.4917,0.4571,1.078,0.4404,1.1727,0.0537,4.089,0.1447,0.0
175,7.346,histogram,pid,0,1,0,0.0181,155.6371,4.2916,306.9827,-4.3629,-4.2301,-0.3719,STOP,-0.1091,-0.2584,-0.0044,0.0,0.0,34.8368,16.0648,62.248,0.4553,1.097,0.5181,1.4168,0.0507,3.7177,0.1419,81.6338
176,7.3627,histogram,pid,0,1,0,0.0236,155.989,4.3564,307.6216,-4.011,-4.1644,-0.3645,STOP,-0.1003,-0.2624,-0.0018,0.0,0.0,18.1012,105.4328,9.4847,0.4334,1.0325,0.423,1.3782,0.1355,4.3726,0.1462,0.0
177,7.378,histogram,pid,0,1,0,0.0236,155.989,4.3564,307.6216,-4.011,-4.1184,-0.3645,STOP,-0.1003,-0.263,-0.0013,0.0,0.0,33.433,15.9672,62.6284,0.4313,1.0166,0.4416,1.2864,0.0546,3.8307,0.1916,0.0
178,7.4821,histogram,pid,0,1,0,0.0278,156.157,4.7174,307.5966,-3.843,-4.0358,-0.3563,STOP,-0.0961,-0.2635,0.0033,0.0,0.0,25.1249,14.9802,66.7549,0.4906,1.003,0.4441,1.1892,0.0539,3.969,0.1422,81.7431
179,7.4996,histogram,pid,0,1,0,0.0208,156.0062,4.4158,307.5966,-3.9938,-4.0232,-0.3655,STOP,-0.0998,-0.2674,0.0018,0.0,0.0,26.1803,104.1711,9.5996,0.4822,1.0913,0.4066,3.3547,0.0405,4.2971,0.1416,0.0
180,7.5163,histogram,pid,0,1,0,0.0208,156.0062,4.4158,307.5966,-3.9938,-4.0144,-0.3667,STOP,-0.0998,-0.2681,0.0012,0.0,0.0,42.8037,18.0081,55.5305,0.4425,1.0807,0.3839,2.2102,0.0485,4.0562,0.1977,0.0
181,7.6206,histogram,pid,0,1,0,0.0181,155.9534,4.3101,307.5966,-4.0466,-4.024,-0.3702,STOP,-0.1012,-0.2687,-0.0003,0.0,0.0,30.8449,16.3747,61.0699,0.4405,1.263,0.6267,1.3075,0.0456,4.0821,0.1603,82.801
182,7.6355,histogram,pid,0,1,0,0.0181,155.8513,4.106,307.5966,-4.1487,-4.0614,-0.3771,STOP,-0.1037,-0.2728,-0.0006,0.0,0.0,35.079,104.5691,9.5631,0.4418,1.1398,0.3946,1.1182,0.049,3.4866,0.1403,0.0
183,7.6507,histogram,pid,0,1,0,0.0167,155.6271,4.2715,306.9827,-4.3729,-4.1549,-0.389,STOP,-0.1093,-0.2733,-0.0063,0.0,0.0,28.8634,14.2874,69.9919,0.4311,1.0055,0.3856,1.1303,0.1067,4.4059,0.1414,0.0
184,7.7511,histogram,pid,0,1,0,0.0167,155.6271,4.2715,306.9827,-4.3729,-4.2203,-0.3877,STOP,-0.1093,-0.274,-0.0044,0.0,0.0,43.4918,15.5017,64.5092,0.4434,1.0036,0.3849,1.162,0.0491,3.5697,0.1383,78.3856
185,7.7661,histogram,pid,0,1,0,0.0208,155.9469,4.2972,307.5966,-4.0531,-4.1701,-0.381,STOP,-0.1013,-0.2778,-0.0019,0.0,0.0,20.0427,100.227,9.9774,0.4198,1.7442,0.3972,0.9203,0.0551,3.5267,0.1462,0.0
186,7.7819,histogram,pid,0,1,0,0.0208,155.9469,4.2972,307.5966,-4.0531,-4.135,-0.381,STOP,-0.1013,-0.2784,-0.0013,0.0,0.0,35.8644,15.0803,66.3118,0.822,1.8485,0.4113,1.0543,0.1162,3.5476,0.1467,0.0
187,7.8912,histogram,pid,0,1,0,0.0278,156.0256,4.4545,307.5966,-3.9744,-4.0868,-0.3774,STOP,-0.0994,-0.2789,0.0009,0.0,0.0,22.3386,15.7103,63.6527,0.4449,0.695,0.3963,3.2748,0.0485,3.5512,0.1476,87.0391
188,7.9084,histogram,pid,0,1,0,0.025,156.046,4.4954,307.5966,-3.954,-4.047,-0.3811,STOP,-0.0989,-0.283,0.0007,0.0,0.0,23.5611,109.6088,9.1234,0.7313,1.7754,0.7608,1.4185,0.0459,4.2794,0.1396,0.0
189,7.9236,histogram,pid,0,1,0,0.025,156.046,4.4954,307.5966,-3.954,-4.0191,-0.382,STOP,-0.0989,-0.2836,0.0005,0.0,0.0,38.7733,16.9992,58.8261,0.4323,1.2009,0.4572,1.2128,0.0521,3.8613,0.139,0.0
190,8.0309,histogram,pid,0,1,0,0.0153,155.6641,4.3455,306.9827,-4.3359,-4.1141,-0.4016,STOP,-0.1084,-0.2843,-0.0089,0.0,0.0,29.7366,15.467,64.6537,0.6147,1.1256,0.4062,1.0239,0.0491,3.6624,0.1448,84.9157
191,8.0495,histogram,pid,1,1,0,0.0306,156.157,4.7173,307.5966,-3.843,-4.0328,-0.1,LEFT,-0.0961,-0.0039,0.0,66.6527,75.6486,18.9172,107.6503,9.2893,0.57,1.2346,0.5636,2.1851,0.08,4.8509,0.2165,0.0
192,8.0841,histogram,pid,1,1,0,0.0306,156.157,4.7173,307.5966,-3.843,-3.9759,-0.1007,LEFT,-0.0961,-0.0046,0.0,66.6117,75.6706,53.5435,19.441,51.4378,0.4997,1.6685,0.5125,2.0986,0.052,17.6024,0.2799,0.0
193,8.2088,histogram,pid,1,1,0,0.0306,156.157,4.7173,307.5966,-3.843,-3.936,-0.102,LEFT,-0.0961,-0.006,0.0,66.5304,75.7144,76.808,38.5707,25.9264,0.4621,1.2311,0.5568,2.3513,0.0392,4.6555,0.2129,94.3922
194,8.2239,histogram,pid,1,1,0,0.0319,156.0469,4.6132,307.4806,-3.9531,-3.9411,-0.1096,LEFT,-0.0988,-0.0104,-0.0003,66.0904,75.9513,22.0522,119.3826,8.3764,0.4258,1.0513,0.401,1.1948,0.0492,3.7615,0.1468,0.0
195,8.2387,histogram,pid,1,1,0,0.0306,156.1175,4.7862,307.4487,-3.8825,-3.9236,-0.1064,LEFT,-0.0971,-0.0109,0.0016,66.2742,75.8524,23.5275,14.641,68.3012,0.441,1.0101,0.3921,1.3378,0.0501,3.7323,0.1856,0.0
196,8.3459,histogram,pid,1,1,0,0.0306,156.1175,4.7862,307.4487,-3.8825,-3.9113,-0.1074,LEFT,-0.0971,-0.0115,0.0011,66.2144,75.8846,39.0951,15.1822,65.8668,0.4543,1.3264,0.4151,1.2975,0.1174,3.6766,0.2047,83.8041
197,8.3596,histogram,pid,1,1,1,0.1092,156.468,,307.9435,-3.532,-3.7975,-0.1013,LEFT,-0.0883,-0.015,0.002,66.5732,75.6913,48.5299,106.6696,9.3747,0.4332,1.0511,0.3879,1.137,0.0493,3.008,0.1516,0.0
198,8.3759,histogram,pid,1,1,0,0.0486,156.6087,5.0295,308.1879,-3.3913,-3.6756,-0.0952,LEFT,-0.0848,-0.0155,0.0051,66.9315,75.4984,25.9331,14.4106,69.3934,0.4199,1.0044,0.4561,1.3503,0.0584,4.4688,0.1745,0.0
199,8.4967,histogram,pid,1,1,0,0.0486,156.6087,5.0295,308.1879,-3.3913,-3.5903,-0.0972,LEFT,-0.0848,-0.016,0.0035,66.8111,75.5633,42.6896,16.9438,59.0187,0.4806,1.0344,0.428,1.3696,0.0563,4.1057,0.1917,96.567
200,8.514,histogram,pid,1,1,0,0.0306,156.2956,4.4154,308.1758,-3.7044,-3.6245,-0.1113,LEFT,-0.0926,-0.0202,0.0015,65.9891,76.0059,41.5853,120.5353,8.2963,0.4944,2.6909,0.4398,1.1736,0.0538,3.5278,0.1483,0.0
201,8.5354,histogram,pid,1,1,0,0.0292,156.0616,4.1469,307.9764,-3.9384,-3.7187,-0.1231,LEFT,-0.0985,-0.0209,-0.0038,65.2988,76.3775,34.7025,18.1786,55.0096,0.435,1.0188,0.396,5.3929,0.0403,4.0799,0.1724,0.0
202,8.6595,histogram,pid,1,1,0,0.0625,156.8087,5.8284,307.7891,-3.1913,-3.5605,-0.0906,LEFT,-0.0798,-0.0215,0.0106,67.1981,75.3549,25.4111,21.0873,47.4219,0.5194,1.7538,0.8714,1.6282,0.3475,5.7253,0.1616,96.4192
203,8.6754,histogram,pid,1,1,0,0.1875,158.3363,7.8101,308.8626,-1.6637,-2.9914,-0.0529,STRAIGHT,-0.0416,-0.0234,0.0121,69.4065,74.1657,17.0445,122.6936,8.1504,0.446,1.55,0.6413,1.1963,0.0529,4.0514,0.145,0.0
204,8.6933,histogram,pid,1,1,0,0.1875,158.3363,7.8101,308.8626,-1.6637,-2.5931,-0.0568,STRAIGHT,-0.0416,-0.0237,0.0085,69.1792,74.2881,34.9934,15.9887,62.5443,0.4497,1.1173,1.0483,3.2052,0.0545,4.0052,0.1439,0.0
205,8.8162,histogram,pid,1,1,0,0.1708,159.4474,9.6332,309.2616,-0.5526,-1.981,-0.0082,STRAIGHT,-0.0138,-0.0238,0.0294,72.022,72.7574,23.3162,17.7625,56.2983,0.4654,1.0703,0.3936,2.9243,0.0508,4.8413,0.179,95.6829
206,8.8313,histogram,pid,1,1,0,0.0278,156.1606,4.3617,307.9595,-3.8394,-2.5385,-0.1136,LEFT,-0.096,-0.0282,0.0105,65.853,76.0791,16.201,122.6284,8.1547,0.4309,1.6452,0.3992,1.2853,0.0493,3.6682,0.1551,0.0
207,8.8463,histogram,pid,1,1,0,0.0278,156.1606,4.3617,307.9595,-3.8394,-2.9288,-0.1173,LEFT,-0.096,-0.0287,0.0074,65.636,76.196,31.253,15.3407,65.1863,0.4527,1.0894,0.4386,1.062,0.0529,4.0251,0.1502,0.0
208,8.9739,histogram,pid,1,1,0,0.0278,156.1606,4.3617,307.9595,-3.8394,-3.2019,-0.1202,LEFT,-0.096,-0.0294,0.0052,65.4671,76.2869,52.8429,18.7918,53.2147,0.4343,1.1029,0.4029,1.1494,0.0578,6.8199,0.1637,98.8016
209,8.9884,histogram,pid,1,1,0,0.1847,161.0438,7.9594,314.1282,1.0438,-1.9282,0.0163,STRAIGHT,0.0261,-0.0282,0.0184,73.0142,71.545,15.0129,123.7218,8.0826,0.4607,1.2034,0.4505,1.1506,0.0508,3.4272,0.1404,0.0
210,9.0055,histogram,pid,1,1,0,0.1847,161.0438,7.9594,314.1282,1.0438,-1.0366,0.0109,STRAIGHT,0.0261,-0.028,0.0129,72.8447,71.8598,32.1577,14.6514,68.2529,0.4332,1.0751,0.4321,2.3082,0.0373,4.9247,0.1431,0.0
211,9.1165,histogram,pid,1,1,1,0.0633,158.8471,7.2901,,-1.1529,-1.0715,-0.0968,LEFT,-0.0288,-0.0282,-0.0398,66.8347,75.5506,15.2222,16.8729,59.2667,0.4475,1.1208,0.3904,1.1569,0.0462,2.9528,0.1571,89.7883
212,9.1332,histogram,pid,1,1,1,0.09,161.5973,10.0403,,1.5973,-0.2708,-0.0052,STRAIGHT,0.0399,-0.0266,-0.0186,72.1956,72.6639,27.173,111.1427,8.9974,0.4458,2.0737,0.7585,2.3772,0.0383,3.1724,0.1546,0.0
213,9.1481,histogram,pid,1,1,1,0.08,163.4892,11.9322,,3.4892,0.8572,0.0909,RIGHT,0.0872,-0.026,0.0297,75.3633,67.1824,19.1247,16.6196,60.1698,0.4449,1.1042,0.4086,2.0026,0.0575,3.1735,0.1528,0.0
214,9.2813,histogram,pid,1,1,1,0.08,163.4892,11.9322,,3.4892,1.6468,0.0827,RIGHT,0.0872,-0.0253,0.0208,75.1042,67.6637,45.2016,20.7212,48.2598,0.4393,3.4786,0.4299,4.666,0.0511,3.3935,0.2328,100.6364
215,9.2978,histogram,pid,1,1,0,0.1236,95.7812,11.938,179.6244,-64.2188,-18.1129,-1.0,LEFT,-1.6055,-0.0253,-0.1835,67.5,100.0,38.1119,128.1817,7.8014,0.4323,1.1681,0.3987,1.1173,0.0489,4.3541,0.227,0.0
216,9.3161,histogram,pid,1,1,0,0.1708,102.2541,12.0571,192.451,-57.7459,-30.0028,-1.0,LEFT,-1.4436,-0.0253,0.018,67.5,100.0,30.833,16.5681,60.3569,0.703,1.2841,0.4311,1.3988,0.0505,5.7412,0.1725,0.0
217,9.4303,histogram,pid,1,1,0,0.1708,102.2541,12.0571,192.451,-57.7459,-38.3257,-1.0,LEFT,-1.4436,-0.0253,0.0126,67.5,100.0,46.5473,17.9626,55.6711,0.4291,0.9987,0.386,1.5058,0.049,4.0712,0.1585,91.2188
218,9.4492,histogram,pid,1,1,1,0.5575,57.6182,,200.137,-102.3818,-57.5426,-1.0,LEFT,-2.5595,-0.0253,-0.1378,67.5,100.0,27.3314,114.1584,8.7598,0.4359,0.6272,0.4004,2.6833,0.0457,6.3052,0.2054,0.0
219,9.465,histogram,pid,1,1,1,0.6,46.6638,,189.1826,-113.3362,-74.2806,-1.0,LEFT,-2.8334,-0.0253,-0.3193,67.5,100.0,17.5485,18.4346,54.2457,0.4433,1.0239,0.4462,1.1549,0.0553,4.8177,0.2016,0.0
220,9.5896,histogram,pid,1,1,1,0.6,46.6638,,189.1826,-113.3362,-85.9973,-1.0,LEFT,-2.8334,-0.0253,-0.2235,67.5,100.0,33.6769,16.0201,62.4217,0.4312,1.0314,0.5246,1.4734,0.0569,4.5755,0.1718,102.6871
221,9.6048,histogram,pid,1,1,1,0.6,182.2468,39.728,,22.2468,-53.5241,0.8077,RIGHT,0.5562,0.0007,0.2508,97.9431,67.5,21.9684,124.8314,8.0108,1.074,0.6579,0.4509,1.1273,0.0501,3.5337,0.1782,0.0
222,9.6223,histogram,pid,1,1,0,0.0278,162.5331,12.4412,312.625,2.5331,-36.7069,-0.2663,LEFT,0.0633,0.001,-0.3307,56.922,80.8881,24.7591,14.6025,68.4815,0.4317,1.8442,0.4356,1.0598,0.0473,6.0898,0.1513,0.0
223,9.737,histogram,pid,1,1,0,0.0278,162.5331,12.4412,312.625,2.5331,-24.9349,-0.1666,LEFT,0.0633,0.0015,-0.2315,62.751,77.7495,40.5301,18.5737,53.8397,0.4324,0.9894,0.3831,1.0221,0.05,4.2088,0.1478,91.4493
224,9.7512,histogram,pid,1,1,1,0.1042,164.0636,,307.3208,4.0636,-16.2353,-0.0496,STRAIGHT,0.1016,0.0058,-0.157,69.6003,74.0614,22.5635,113.553,8.8065,0.4429,1.0398,0.4791,1.3428,0.0648,3.253,0.1538,0.0
225,9.7648,histogram,pid,1,1,1,0.1042,164.0636,,307.3208,4.0636,-10.1457,-0.0019,STRAIGHT,0.1016,0.0064,-0.1099,72.3879,72.5604,36.1479,14.6593,68.216,0.4467,0.6628,0.3892,0.7519,0.0552,3.2758,0.1501,0.0
226,9.8868,histogram,pid,1,1,1,0.1067,163.708,,306.9652,3.708,-5.9895,0.0126,STRAIGHT,0.0927,0.0068,-0.0869,72.8966,71.7634,23.4272,13.2962,75.2094,0.4433,0.6586,0.3887,0.944,0.0518,3.4678,0.2028,101.9431
227,9.9029,histogram,pid,1,1,0,0.05,235.2687,164.6568,305.8806,75.2687,18.3879,1.0,RIGHT,1.8817,0.0068,0.1588,100.0,67.5,17.0389,122.1816,8.1845,0.4399,1.0524,0.4268,1.3839,0.0509,4.695,0.194,0.0
228,9.9199,histogram,pid,1,1,0,0.05,235.2687,164.6568,305.8806,75.2687,35.4522,1.0,RIGHT,1.8817,0.0068,0.1111,100.0,67.5,34.1527,16.6447,60.079,0.6308,1.0518,0.4106,1.3565,0.0521,4.9456,0.2049,0.0
229,10.039,histogram,pid,1,1,0,0.05,235.2687,164.6568,305.8806,75.2687,47.3971,1.0,RIGHT,1.8817,0.0068,0.0778,100.0,67.5,51.8679,16.5706,60.3479,0.4187,0.9955,0.3876,1.5581,0.0684,5.3044,0.6152,93.5335
230,10.0544,histogram,pid,1,1,0,0.1708,233.1667,159.4875,306.8458,73.1667,55.128,1.0,RIGHT,1.8292,0.0068,0.0478,100.0,67.5,16.0635,118.826,8.4157,0.4415,0.9944,0.3875,1.366,0.0508,4.4334,0.1675,0.0
231,10.0735,histogram,pid,1,1,0,0.1708,233.1667,159.4875,306.8458,73.1667,60.5396,1.0,RIGHT,1.8292,0.0068,0.0335,100.0,67.5,35.1512,15.4262,64.8246,0.4893,1.014,0.3924,2.5715,0.046,6.8142,0.1662,0.0
232,10.2075,histogram,pid,1,1,0,0.1708,233.1667,159.4875,306.8458,73.1667,64.3277,1.0,RIGHT,1.8292,0.0068,0.0234,100.0,67.5,51.6991,19.5294,51.2049,0.4773,1.519,0.425,1.2573,0.0475,4.5372,0.1732,111.3499
233,10.2228,histogram,pid,1,1,1,0.1733,182.6571,,307.1074,22.6571,51.8265,0.4773,RIGHT,0.5664,0.0354,-0.1245,87.5361,55.4243,16.6391,134.4429,7.4381,0.4464,0.7133,0.4155,1.2273,0.0566,3.7818,0.1592,0.0
234,10.242,histogram,pid,1,1,1,0.1733,182.6571,,307.1074,22.6571,43.0757,0.5188,RIGHT,0.5664,0.0395,-0.0871,88.8415,57.8485,35.7255,19.2786,51.871,0.4312,0.7963,0.4673,1.0065,0.0531,3.5935,0.1479,0.0
235,10.3582,histogram,pid,1,1,1,0.1342,182.5258,,306.9761,22.5258,36.9107,0.5416,RIGHT,0.5631,0.0427,-0.0642,89.5601,59.183,22.5647,15.16,65.9632,0.626,0.6333,0.3886,0.7648,0.0872,3.9211,0.15,93.1149
236,10.3723,histogram,pid,1,1,0,0.0111,155.749,3.8877,307.6103,-4.251,24.5622,-0.2004,LEFT,-0.1063,0.0381,-0.1322,60.7786,78.8115,15.9863,115.1269,8.6861,0.4279,1.051,0.4012,1.1087,0.0505,3.5995,0.1436,0.0
237,10.3892,histogram,pid,1,1,0,0.0111,155.749,3.8877,307.6103,-4.251,15.9182,-0.1613,LEFT,-0.1063,0.0375,-0.0925,63.065,77.5804,32.8038,14.3842,69.5205,0.4592,2.1183,0.6483,1.3872,0.0776,4.2828,0.1442,0.0
238,10.5183,histogram,pid,1,1,0,0.0111,155.749,3.8877,307.6103,-4.251,9.8675,-0.1342,LEFT,-0.1063,0.0368,-0.0648,64.6492,76.7273,47.5203,17.024,58.7407,0.4223,1.0518,0.402,1.1625,0.0528,3.666,0.1441,106.8712
239,10.534,histogram,pid,1,1,0,0.0125,162.5229,11.8957,313.1501,2.5229,7.6641,0.0773,STRAIGHT,0.0631,0.0399,-0.0256,74.9358,67.9764,15.9725,128.9717,7.7536,0.5081,1.0446,0.426,1.2508,0.0498,4.5829,0.1753,0.0
240,10.5502,histogram,pid,1,1,0,0.0125,162.5229,11.8957,313.1501,2.5229,6.1217,0.0854,RIGHT,0.0631,0.0403,-0.018,75.1898,67.5047,32.1712,15.6676,63.8262,0.4369,0.8437,0.6394,1.0986,0.0696,5.2732,0.2114,0.0
241,10.668,histogram,pid,1,1,1,0.1467,141.6792,11.1483,,-18.3208,-1.211,-0.9152,LEFT,-0.458,0.0375,-0.4947,67.5,100.0,16.5969,16.2123,61.6815,0.4379,1.0761,0.4081,1.1513,0.0478,3.5107,0.154,95.2742
242,10.6822,histogram,pid,1,1,1,0.1458,141.5757,11.0448,,-18.4243,-6.375,-0.7901,LEFT,-0.4606,0.0171,-0.3466,67.5,97.3878,39.1528,117.821,8.4875,0.4415,1.2575,0.4004,1.2112,0.0494,3.045,0.1991,0.0
243,10.697,histogram,pid,1,1,1,0.0875,140.0904,9.5596,,-19.9096,-10.4354,-0.7656,LEFT,-0.4977,0.0145,-0.2824,67.5,96.6178,28.4137,13.9961,71.4482,0.4484,1.0715,0.4161,1.2374,0.0554,3.9213,0.1555,0.0
244,10.8174,histogram,pid,1,1,1,0.0875,140.0904,9.5596,,-19.9096,-13.2776,-0.6838,LEFT,-0.4977,0.0117,-0.1977,67.5,94.0386,42.9427,15.2709,65.4842,0.4568,1.1881,0.5015,1.1656,0.0581,3.0571,0.1528,99.7719
245,10.8328,histogram,pid,1,1,0,0.0389,156.0221,4.7514,307.2928,-3.9779,-10.4877,-0.1811,LEFT,-0.0994,0.0072,-0.0888,61.9064,78.2042,26.161,120.5199,8.2974,0.4379,1.1241,0.4202,1.0856,0.0583,4.0509,0.1419,0.0
246,10.8467,histogram,pid,1,1,1,0.0925,174.9111,,306.479,14.9111,-2.8681,0.8005,RIGHT,0.3728,0.0092,0.4184,97.7146,67.5,23.7659,14.738,67.852,0.4552,0.6411,0.3911,0.8954,0.0615,3.9344,0.2003,0.0
247,10.9649,histogram,pid,1,1,1,0.0925,174.9111,,306.479,14.9111,2.4657,0.677,RIGHT,0.3728,0.0113,0.2929,93.824,67.1017,37.1285,14.4838,69.0425,0.4299,0.634,0.3846,0.7511,0.0641,3.0882,0.1459,97.3555
248,10.98,histogram,pid,1,1,1,0.1217,175.0399,,306.6078,15.0399,6.238,0.6093,RIGHT,0.376,0.0279,0.2054,91.6942,63.1464,23.4362,117.9582,8.4776,0.4423,0.7926,0.4018,2.0969,0.0586,3.468,0.1682,0.0
249,10.9958,histogram,pid,1,1,1,0.1217,175.0399,,306.6078,15.0399,8.8785,0.5498,RIGHT,0.376,0.03,0.1438,89.8197,59.6651,39.1713,15.0767,66.3276,0.4479,1.8092,0.4319,2.0557,0.0483,3.1645,0.152,0.0
250,11.1221,histogram,pid,1,1,1,0.11,173.9967,,305.5646,13.9967,10.414,0.4573,RIGHT,0.3499,0.032,0.0754,86.906,54.2539,25.1897,15.4602,64.6822,0.4429,1.0285,0.4282,0.8848,0.0538,3.5372,0.1767,106.2897
251,11.1366,histogram,pid,1,1,1,0.0833,141.1582,,272.726,-18.8418,1.6372,-0.5058,LEFT,-0.471,0.0097,-0.0444,57.089,88.4326,55.9791,126.7348,7.8905,0.443,1.0245,0.3933,1.15,0.0611,3.4642,0.1485,0.0
252,11.1509,histogram,pid,1,1,1,0.09,150.9867,,282.5546,-9.0133,-1.5579,0.0111,STRAIGHT,-0.2253,0.0085,0.228,72.8501,71.8497,28.1901,14.2264,70.2917,0.4391,0.6451,0.3979,1.5091,0.0511,3.6085,0.1586,0.0
253,11.2712,histogram,pid,1,1,1,0.0958,161.1675,,292.7354,1.1675,-0.7403,0.4645,RIGHT,0.0292,0.0086,0.4267,87.1332,54.676,23.0243,14.2907,69.9753,0.435,0.733,0.4173,0.9281,0.0759,3.283,0.1451,99.4151
254,11.2842,histogram,pid,1,1,1,0.0758,179.1902,,310.758,19.1902,5.2389,0.865,RIGHT,0.4798,0.0302,0.355,99.7461,67.5,21.485,120.1528,8.3227,0.4257,0.6695,0.3847,1.0453,0.0517,2.8675,0.1651,0.0
255,11.2998,histogram,pid,1,1,1,0.0758,179.1902,,310.758,19.1902,9.4242,0.7608,RIGHT,0.4798,0.0326,0.2485,96.4667,67.5,37.1012,13.2473,75.4871,0.4448,1.0216,0.3979,1.322,0.0434,4.5418,0.177,0.0
256,11.4271,histogram,pid,1,1,1,0.0758,179.1902,,310.758,19.1902,12.354,0.6892,RIGHT,0.4798,0.0355,0.1739,94.2098,67.5,50.8569,16.0908,62.1475,0.4465,0.6504,0.3868,0.7598,0.0611,2.9857,0.2076,106.9975
257,11.4414,histogram,pid,1,1,1,0.0558,141.298,9.7301,,-18.702,3.0372,-0.4445,LEFT,-0.4676,0.0132,0.0098,53.5009,86.5005,16.7638,126.9717,7.8758,0.5412,1.0814,0.4009,1.2281,0.0481,2.9053,0.168,0.0
258,11.4576,histogram,pid,1,1,1,0.0558,141.298,9.7301,,-18.702,-3.4846,-0.45,LEFT,-0.4676,0.0106,0.0069,53.8258,86.6754,33.0613,14.8358,67.4046,0.8954,2.1999,0.4911,0.8566,0.0529,3.2257,0.1612,0.0
259,11.5812,histogram,pid,1,1,1,0.0708,141.9752,10.4073,,-18.0248,-7.8466,-0.4215,LEFT,-0.4506,0.008,0.0211,52.1581,85.7774,19.0426,15.5993,64.1054,0.4555,0.6864,0.4004,1.0799,0.0542,3.2918,0.1579,101.6034
260,11.5947,histogram,pid,1,1,1,0.0392,138.2609,6.693,,-21.7391,-12.0144,-0.5571,LEFT,-0.5435,-0.0171,0.0035,60.0913,90.0492,15.6063,123.2717,8.1122,0.4268,1.015,0.4292,1.255,0.0514,2.832,0.1527,0.0
261,11.6086,histogram,pid,1,1,1,0.0392,138.2609,6.693,,-21.7391,-14.9318,-0.5609,LEFT,-0.5435,-0.0199,0.0024,60.3153,90.1698,29.4829,13.671,73.1477,0.4902,1.0718,0.4438,1.1057,0.0581,3.0193,0.1575,0.0
262,11.7462,histogram,pid,1,1,1,0.0392,138.2609,6.693,,-21.7391,-16.974,-0.5645,LEFT,-0.5435,-0.0227,0.0017,60.5245,90.2824,43.5793,13.9712,71.5758,0.5276,1.1768,0.466,1.2478,0.0583,2.814,0.1526,117.9703
263,11.7613,histogram,pid,1,1,1,0.135,175.912,,307.4798,15.912,-7.1082,0.4995,RIGHT,0.3978,-0.0023,0.104,88.2354,56.7228,20.5362,137.3408,7.2812,0.4168,1.846,0.4553,1.4634,0.0531,3.2937,0.1805,0.0
264,11.7759,histogram,pid,1,1,1,0.135,175.912,,307.4798,15.912,-0.2021,0.4707,RIGHT,0.3978,0.0001,0.0728,87.3282,55.0382,35.1666,16.0919,62.1431,0.4434,1.0515,0.3975,1.284,0.0533,2.9427,0.1526,0.0
265,11.9003,histogram,pid,1,1,1,0.1367,170.935,,302.5028,10.935,3.139,0.1873,RIGHT,0.2734,0.0015,-0.0876,78.3994,61.5439,25.3788,13.4688,74.2458,0.4433,1.0134,0.3865,1.2709,0.0484,3.3577,0.1458,103.3263
266,11.9144,histogram,pid,1,1,1,0.1525,168.8052,,300.3731,8.8052,4.8389,0.1642,RIGHT,0.2201,0.0118,-0.0677,77.6721,62.8947,22.0581,124.5422,8.0294,0.4398,1.0765,0.3968,1.3849,0.047,3.2376,0.1729,0.0
267,11.929,histogram,pid,1,1,1,0.1525,168.8052,,300.3731,8.8052,6.0288,0.1857,RIGHT,0.2201,0.013,-0.0474,78.3497,61.6363,36.6739,14.4096,69.3984,0.4615,1.0702,0.4104,1.4449,0.0513,3.3928,0.1576,0.0
268,12.0606,histogram,pid,1,1,1,0.1525,168.8052,,300.3731,8.8052,6.8617,0.2011,RIGHT,0.2201,0.0142,-0.0332,78.8361,60.7329,51.0086,14.7452,67.8187,0.4431,1.0221,0.427,1.2198,0.0502,3.2227,0.1489,111.4647
269,12.0754,histogram,pid,1,1,1,0.1833,176.8683,,308.4362,16.8683,9.8637,0.4565,RIGHT,0.4217,0.035,-0.0002,86.8789,54.2037,20.4714,131.3669,7.6123,0.4265,1.0316,0.4558,1.8475,0.0641,3.212,0.1681,0.0
270,12.0927,histogram,pid,1,1,1,0.1833,176.8683,,308.4362,16.8683,11.9651,0.4589,RIGHT,0.4217,0.0373,-0.0002,86.9539,54.3429,37.7487,14.6297,68.354,0.7329,2.2851,0.8656,2.0987,0.0356,3.0447,0.1613,0.0
271,12.2191,histogram,pid,1,1,1,0.1675,178.4279,,309.9958,18.4279,13.9039,0.5347,RIGHT,0.4607,0.0403,0.0337,89.3427,58.7793,18.128,17.2967,57.8146,0.4417,1.015,0.4178,1.4663,0.0542,2.8352,0.1651,105.1757
272,12.2356,histogram,pid,1,1,0,1.0,153.3118,12.4473,294.1763,-6.6882,7.7263,-0.1859,LEFT,-0.1672,0.0324,-0.0511,61.6235,78.3566,24.8404,126.0978,7.9304,0.4769,2.1251,0.4526,1.2018,0.0553,4.9936,0.1496,0.0
273,12.2507,histogram,pid,1,1,0,1.0,153.3118,12.4473,294.1763,-6.6882,3.402,-0.1717,LEFT,-0.1672,0.0313,-0.0358,62.4582,77.9071,39.8844,16.9266,59.0785,0.4563,1.0142,0.3895,1.1368,0.0515,4.3309,0.1447,0.0
274,12.388,histogram,pid,1,1,0,1.0,152.9359,12.4473,293.4245,-7.0641,0.2621,-0.1808,LEFT,-0.1766,0.0303,-0.0346,61.9212,78.1963,26.9327,14.7881,67.6221,0.4732,1.0953,0.4005,1.3413,0.0675,5.2517,0.1965,115.1722
275,12.4036,histogram,pid,1,1,0,1.0,152.9926,12.4473,293.538,-7.0074,-1.9187,-0.1779,LEFT,-0.1752,0.0213,-0.024,62.0904,78.1052,22.6267,137.7802,7.2579,0.4179,1.3212,0.3907,1.4383,0.0458,4.2301,0.1399,0.0
276,12.4183,histogram,pid,1,1,0,1.0,152.281,12.4473,292.1147,-7.719,-3.6588,-0.2074,LEFT,-0.193,0.0202,-0.0346,60.368,79.0326,24.6961,15.0091,66.6261,0.442,0.9988,0.3778,1.1223,0.0561,4.4079,0.2004,0.0
277,12.547,histogram,pid,1,1,0,1.0,152.281,12.4473,292.1147,-7.719,-4.8769,-0.1981,LEFT,-0.193,0.0191,-0.0242,60.9119,78.7398,39.3609,15.0058,66.6409,0.4252,1.0418,0.3836,1.1695,0.0495,4.0763,0.1468,106.077
278,12.5622,histogram,pid,1,1,0,1.0,154.6041,12.4473,296.7609,-5.3959,-5.0326,-0.1325,LEFT,-0.1349,0.0126,-0.0102,64.7484,76.674,41.2729,128.9319,7.756,0.424,1.0024,0.3924,1.3496,0.0494,4.1369,0.2032,0.0
279,12.5776,histogram,pid,1,1,0,1.0,155.4641,12.4473,298.4809,-4.5359,-4.8836,-0.0867,LEFT,-0.1134,0.012,0.0147,67.4278,75.2312,26.6676,14.7461,67.8144,0.4537,1.0719,0.3978,1.4699,0.0771,4.5067,0.1514,0.0
280,12.7106,histogram,pid,1,1,0,1.0,155.4641,12.4473,298.4809,-4.5359,-4.7793,-0.0918,LEFT,-0.1134,0.0113,0.0103,67.1298,75.3916,42.4378,15.9021,62.8846,0.4646,1.3413,0.4329,1.36,0.0521,4.248,0.1571,111.3315
281,12.7259,histogram,pid,1,1,0,1.0,155.571,12.4473,298.6947,-4.429,-4.6742,-0.0974,LEFT,-0.1107,0.0058,0.0075,66.8006,75.5689,15.5518,132.716,7.5349,0.478,0.9992,0.3772,1.4462,0.0486,4.4087,0.1467,0.0
282,12.7426,histogram,pid,1,1,0,1.0,155.571,12.4473,298.6947,-4.429,-4.6006,-0.1003,LEFT,-0.1107,0.0052,0.0053,66.632,75.6597,32.2812,15.0809,66.3091,0.4368,1.2756,0.4719,1.6131,0.0478,5.6009,0.1424,0.0
